"Pool","OldSum","NewSum","Change","ScaledChange","GrossChange","Dislocation"
"1","Male",7969230.2251406,8636620.47768273,0.0837458868281543,0.0181610355037252,1.01816103550373,0.0277415546594341
"2","Ra1B",1582472.40068124,1758069.17524838,0.110963562139566,0.0240634288794585,1.02406342887946,0.0348406363548446
"3","Ra2B",1588506.00438751,1887830.461222,0.188431429284962,0.0408630203449157,1.04086302034492,0.0533826412005087
"4","Ra3B",1416977.883675,1809024.04027186,0.276677682209177,0.06,1.06,0.0729129872250931
"5","Named",8107369.46999049,8988481.69485288,0.108680408377075,0.0235683068130321,1.02356830681303,0.0319190735525357
